附件6,,,,,,,,
抽样监测单位名单(第二批）,,,,,,,,
序号,受检单位,样品名称,规格型号,样品等级,综合判定,抽样地点,报告编号,备注
1,美食林千鹤店  ,金龙鱼特香花生油,5升/桶,一级,合格,联防路与建设大街交口,邯检(S)字(2015)第(L0136)号,
2,美食林千鹤店  ,金鼎浓香花生油,5升/桶,一级,合格,联防路与建设大街交口,邯检(S)字(2015)第(L0137)号,
3,美食林千鹤店  ,鲁花5S压榨一级花生油,5升/桶,一级,合格,联防路与建设大街交口,邯检(S)字(2015)第(L0138)号,
4,阳光超市鑫域店  ,金龙鱼食用调和油,2.5升/桶,,合格,世纪大街与联防路交叉口,邯检(S)字(2015)第(L0139)号,
5,阳光超市鑫域店,名福花生葵花籽调和油,1.8升/壶,,合格,世纪大街与联防路交叉口,邯检(S)字(2015)第(L0140)号,
6,阳光超市鑫域店  ,马大姐大虾酥,,,合格,世纪大街与联纺路交叉口,邯检(S)字(2015)第(L0141)号,
7,阳光超市鑫域店  ,咀香浓优纯牛奶糖,计量称重,,合格,世纪大街与联纺路交叉口,邯检(S)字(2015)第(L0142)号,
8,美食林千鹤店,雅客维生素C果味夹心硬糖,计量称重,,合格,联防路与建设大街交口,邯检(S)字(2015)第(L0143)号,
9,阳光超市鑫域店  ,徐福记牛奶糖,计量称重,,合格,世纪大街与联纺路交叉口,邯检(S)字(2015)第(L0144)号,
10,美食林千鹤店,华生叔叔花生酥,计量销售,,合格,联防路与建设大街交口,邯检(S)字(2015)第(L0145)号,
11,美食林千鹤店,西凤酒,500ml/瓶    55％vol,,合格,联防路与建设大街交口,邯检(S)字(2015)第(L0146)号,
12,美食林千鹤店,嘉宾郎酒,500ml/瓶  42%vol,优级,合格,联防路与建设大街交口,邯检(S)字(2015)第(L0147)号,
13,阳光超市鑫域店,枝江古酒,500ml/瓶  42％vol,优级,合格,联防路与世纪大街交口,邯检(S)字(2015)第(L0148)号,
14,阳光超市鑫域店,刘伶醉酒,500ml/瓶  42%vol,优级,不合格,联防路与世纪大街交口,邯检(S)字(2015)第(L0149)号,
15,蔚庄干调市场为雪大米批发部,赵国宴葵花橄榄调和油,5升/桶,,合格,蔚庄干调市场107国道路东,邯检(S)字(2015)第(L0150)号,
16,二中粮店,满疆红大豆油,5L/桶,一级,合格,复兴商贸城西楼9号,邯检(S)字(2015)第(L0151)号,
17,隆丰调料,元宝大豆油,5升/桶,一级,合格,复兴商贸城西楼110号,邯检(S)字(2015)第(L0152)号,
18,诚信粮油商行,美食客食用调和油,5升/桶,,合格,蔚庄干调市场1,邯检(S)字(2015)第(L0153)号,
19,隆丰调料,名福一级大豆油,5升/桶,一级,合格,复兴商贸城西楼110号,邯检(S)字(2015)第(L0154)号,
20,二中粮店,厨之荣大豆油,1.6升/桶,一级,合格,复兴商贸城西楼9号,邯检(S)字(2015)第(L0155)号,
21,为雪大米批发部,川师傅菜籽油,4.5L/桶,四级,合格,蔚庄干调市场107国道路东,邯检(S)字(2015)第(L0156)号,
22,复兴区汇丰烟酒门市,洋河特曲酒,500ml/瓶 42%vol,,合格,复兴商贸城,邯检(S)字(2015)第(L0157)号,
23,天马烟酒,永不分离酒,500ml/瓶 41%vol,优级,不合格,复兴商贸城,邯检(S)字(2015)第(L0158)号,
24,天马烟酒,板城烧锅酒,500ml/瓶 41%vol,优级,合格,复兴商贸城,邯检(S)字(2015)第(L0159)号,
25,鑫利泽烟酒超市,洋河普曲酒,475ml/瓶 42%vol,,合格,政和小区2号院东侧,邯检(S)字(2015)第(L0160)号,
26,鑫利泽烟酒超市,珍品高粱酒,500ml/瓶 42%vol,,合格,政和小区2号院东侧,邯检(S)字(2015)第(L0161)号,
27,复兴区汇丰烟酒门市,古井贡酒,500ml/瓶 45%vol,优级,合格,复兴商贸城,邯检(S)字(2015)第(L0162)号,
28,福东烟酒,丛台酒,500ml/瓶 44%vol,一级,合格,东柳大街与从台北路交叉口西行200米路北,邯检(S)字(2015)第(L0163)号,
29,福东烟酒,老村长酒,450ml/瓶 42%vol,一级,合格,东柳大街与从台北路交叉口西行200米路北,邯检(S)字(2015)第(L0164)号,
30,昌盛友谊副食经营部,水果味硬质糖果,350克/盒,,合格,邯郸市陵西北大街与青年路交叉口北行50米路西,邯检(S)字(2015)第(L0165)号,
31,蓝天食品经销处,味味佳棒棒糖,17克Х30/盒,,合格,复兴商贸城109号,邯检(S)字(2015)第(L0166)号,
32,蓝天食品经销处,砂糖淀粉糖浆型硬质糖果,384克/盒,,合格,复兴商贸城109号,邯检(S)字(2015)第(L0167)号,
33,蓝天食品经销处,兵工厂水果糖,16克Х20/盒,,合格,复兴商贸城109号,邯检(S)字(2015)第(L0168)号,
34,蓝天食品经销处,新鲜奶棒糖,13克/袋Х30袋/包,,合格,复兴商贸城109号,邯检(S)字(2015)第(L0169)号,
35,蓝天食品经销处,流口水阿波糖,17gХ20/袋,,合格,复兴商贸城109号,邯检(S)字(2015)第(L0170)号,
36,蓝天食品经销处,英语ABC果味凝胶糖,288克/袋,,合格,复兴商贸城109号,邯检(S)字(2015)第(L0171)号,
37,蓝天食品经销处,维C果糖,20克Х40/盒,,合格,复兴商贸城109号,邯检(S)字(2015)第(L0172)号,
38,千鑫美食林,五粮液京酒淡雅香52度,500ml/瓶,一级,合格,邯山区光明大街与储河路交叉口北行100米路西,邯检(S)字(2015)第(L0173)号,
39,千鑫美食林,封藏老酒绵柔52度,500ml/瓶,优级,合格,邯山区光明大街与储河路交叉口北行100米路西,邯检(S)字(2015)第(L0174)号,
40,千鑫美食林,花生调和油,5L/桶,,合格,邯山区光明大街与储河路交叉口北行100米路西,邯检(S)字(2015)第(L0175)号,
41,千鑫美食林,玉之醇玉米油,5升/桶,,合格,邯山区光明大街与储河路交叉口北行100米路西,邯检(S)字(2015)第(L0176)号,
42,千鑫美食林,晶莹葡萄牛奶硬糖,150克/袋,,合格,邯山区光明大街与储河路交叉口北行100米路西,邯检(S)字(2015)第(L0177)号,
43,千鑫美食林,大虾酥,480克/袋,,合格,邯山区光明大街与储河路交叉口北行100米路西,邯检(S)字(2015)第(L0178)号,
44,邯郸县滏漳路便利超市,衡水老白干酒,500ml/瓶 62%vol,优级,合格,滏漳东段路北,邯检(S)字(2015)第(L0179)号,
45,邯郸县滏漳路便利超市,双沟大曲酒,500ml/瓶 50%vol,,合格,滏漳路东段路北,邯检(S)字(2015)第(L0180)号,
46,邯郸县滏漳路便利超市,话梅糖,散装,,合格,滏漳路东段路北,邯检(S)字(2015)第(L0181)号,
47,翟常青,东北纯粮,500ml/瓶 42%vol,一级,合格,邯山区滏漳路东段金鼎烟酒门市,邯检(S)字(2015)第(L0182)号,
48,翟常青,山庄老酒,500ml/瓶 42%vol,,合格,邯山区滏漳路东段金鼎烟酒门市,邯检(S)字(2015)第(L0183)号,
49,周建敏,龙江家园,500ml/瓶 42%vol,,合格,邯山区光明北大街与水厂路交叉口南角烟酒门市,邯检(S)字(2015)第(L0184)号,
50,周建敏,老村长,450ml/瓶 42%vol,一级,合格,邯山区光明北大街与水厂路交叉口南角烟酒门市,邯检(S)字(2015)第(L0185)号,
51,邯郸县滏漳路便利超市,金丝猴奶糖,,,合格,滏漳路东段路北,邯检(S)字(2015)第(L0186)号,
52,邯郸县滏漳路便利超市,一级花生油,1.8升/桶,,合格,滏漳路东段路北,邯检(S)字(2015)第(L0187)号,
53,户兰平,十八酒坊,500ml/瓶 42.8%vol,一级,合格,邯郸市丛台区中华北大街质监局楼下兰平烟酒副食门市,邯检(S)字(2015)第(L0189)号,
54,户兰平,枝江王,500ml/瓶  42.8%vol,优级,不合格,邯郸市丛台区中华北大街质监局楼下兰平烟酒副食门市,邯检(S)字(2015)第(L0190)号,
55,户兰平,宴友花生油,5升/桶,压榨一级,合格,邯郸市丛台区中华北大街质监局楼下兰平烟酒副食门市,邯检(S)字(2015)第(L0191)号,
56,户兰平,玉米胚芽油,5升/桶,,合格,邯郸市丛台区中华北大街质监局楼下兰平烟酒副食门市,邯检(S)字(2015)第(L0192)号,
57,贸易粮油商行,花生芝麻调和油（分装）,5升/桶,,合格,邯山区贸易街市场29号,邯检(S)字(2015)第(L0193)号,
58,赵玉华,精炼棉籽油,5升/桶,,合格,邯山区邯山街与劳动路交叉口南行10米路西一点利粮油店,邯检(S)字(2015)第(L0194)号,
59,赵玉华,大豆油,5升/桶,一级,合格,邯山区邯山街与劳动路交叉口南行10米路西一点利粮油店,邯检(S)字(2015)第(L0195)号,
60,赵玉华,花生芝麻调和油,5升/桶,,合格,邯山区邯山街与劳动路交叉口南行10米路西一点利粮油店,邯检(S)字(2015)第(L0196)号,
,贸易粮油店,浓香菜籽油,4.5L/壶,,合格,邯山区贸易街市场29号,邯检(S)字(2015)第(L0197)号,
,徐爱云,好嘉果园,,,合格,邯山区邯山街与劳动路交叉口西行10米路南粒香坊干果行,邯检(S)字(2015)第(L0198)号,
,徐爱云,老北京酥制糖果,,,合格,邯山区邯山街与劳动路交叉口西行10米路南粒香坊干果行,邯检(S)字(2015)第(L0199)号,
,徐爱云,果味软糖,,,合格,邯山区邯山街与劳动路交叉口西行10米路南粒香坊干果行,邯检(S)字(2015)第(L0200)号,
,徐爱云,酥质糖果,,,合格,邯山区邯山街与劳动路交叉口西行10米路南粒香坊干果行,邯检(S)字(2015)第(L0201)号,
,徐爱云,酥质糖果,,,合格,邯山区邯山街与劳动路交叉口西行10米路南粒香坊干果行,邯检(S)字(2015)第(L0202)号,
,阳光超市新世纪店,牛奶糖,518g/桶,,合格,人民路与中华街口,邯检(S)字(2015)第(L0203)号,
,阳光超市新世纪店,特制椰子糖,120克/袋,,合格,中华大街与人民路交叉口东北角,邯检(S)字(2015)第(L0204)号,
,阳光超市新世纪店,花生牛轧糖,454克/袋,,合格,中华大街与人民路交叉口东北角,邯检(S)字(2015)第(L0205)号,
,阳光超市新世纪店,一级大豆油,1.8升/桶,一级,合格,人民路与中华街口,邯检(S)字(2015)第(L0206)号,
,阳光超市新世纪店,大豆油,1.8升/桶,一级,合格,人民路与中华街口,邯检(S)字(2015)第(L0207)号,
,阳光超市新世纪店,一级菜籽油,4.5L/桶,一级,合格,人民路与中华街口,邯检(S)字(2015)第(L0208)号,
,阳光超市新世纪店,中粮白,500ml/瓶 42%vol,一级,合格,中华大街与人民路交叉口东北角,邯检(S)字(2015)第(L0209)号,
,阳光超市新世纪店,口子酒,41%vol 500ml/瓶,,合格,人民路与中华街口,邯检(S)字(2015)第(L0210)号,
,阳光超市新世纪店,绵竹大曲酒（珍品）,46%vol 475ml/瓶,优级,合格,人民路与中华街口,邯检(S)字(2015)第(L0211)号,
,邯郸市金都食品有限公司,冷鲜肉（猪肉）,计量销售,,符合,成安县邯大路北项目开发区32号,邯检(S)字(2015)第(L0212)号,
,邯郸市金都食品有限公司,冷鲜肉（猪肉）,计量销售,,符合,成安县邯大路北项目开发区32号,邯检(S)字(2015)第(L0213)号,
,邯郸市金都食品有限公司,冷鲜肉（猪肉）,计量销售,,符合,成安县邯大路北项目开发区32号,邯检(S)字(2015)第(L0214)号,
,邯郸市恩惠食品有限公司,冷鲜肉（猪肉）,计量销售,,符合,邯郸县南泊村,邯检(S)字(2015)第(L0215)号,
,邯郸市恩惠食品有限公司,冷鲜肉（猪肉）,计量销售,,符合,邯郸县南泊村,邯检(S)字(2015)第(L0216)号,
,邯郸市福润肉类食品有限公司,生鲜肉（猪肉）,计量销售,,符合,峰峰矿区彭新路45号,邯检(S)字(2015)第(L0217)号,
,邯郸市福润肉类食品有限公司,生鲜肉（猪肉）,计量销售,,符合,峰峰矿区彭新路45号,邯检(S)字(2015)第(L0218)号,
,邯郸市福润肉类食品有限公司,生鲜肉（猪肉）,计量销售,,符合,峰峰矿区彭新路45号,邯检(S)字(2015)第(L0219)号,
,邯郸市福润肉类食品有限公司,生鲜肉（猪肉）,计量销售,,符合,峰峰矿区彭新路45号,邯检(S)字(2015)第(L0220)号,
,磁县康汇食品有限公司,生鲜肉（猪肉）,计量销售,,符合,磁县辛庄营乡太平村村北,邯检(S)字(2015)第(L0221)号,
,磁县康汇食品有限责任公司,生鲜肉（猪肉）,计量销售,,符合,磁县辛庄营乡太平村村北,邯检(S)字(2015)第(L0222)号,
,邯郸市丛台区鑫建肉类食品有限公司,生鲜肉（猪肉）,计量销售,,符合,丛台区胡村村南,邯检(S)字(2015)第(L0223)号,
,马头工业城为民定点屠宰厂,生鲜肉（猪肉）,计量销售,,符合,马头成峰路南,邯检(S)字(2015)第(L0224)号,
,马头工业城为民定点屠宰厂,生鲜肉（猪肉）,计量销售,,符合 ,马头成峰路南,邯检(S)字(2015)第(L0225)号,
,河北美食林商贸集团有限公司滏东购物广场,生鲜肉,计量销售,,符合, 河北省邯郸市丛台区和平路450号,邯检(S)字(2015)第(L0226)号,
, 河北美食林商贸集团有限公司滏东购物广场,生鲜肉,计量销售,,符合,  河北省邯郸市丛台区和平路450号,邯检(S)字(2015)第(L0227)号,
, 邯郸市丛台区金都冷鲜肉门市,生鲜肉,计量销售,,符合, 丛台区自强市场西板房18号,邯检(S)字(2015)第(L0228)号,
, 自强市场雨润专卖,生鲜肉,计量销售,,符合, 丛台区自强市场西排一区12号,邯检(S)字(2015)第(L0229)号,
, 丛台区自强市场2区38号,生鲜肉,计量销售,,符合,  丛台区自强市场2区38号,邯检(S)字(2015)第(L0230)号,
,众品冷鲜肉,生鲜肉,计量销售,,符合,自强市场西板房17号,邯检(S)字(2015)第(L0231)号,
,自强市场1区3号众品冷鲜肉对过,生鲜肉,计量销售,,符合,自强市场1区3号,邯检(S)字(2015)第(L0232)号,
,邯郸县东柳林王氏肉食店,生鲜肉,计量,,符合,中道商场负一层D2-13--D2-16号,邯检(S)字(2015)第(L0233)号,
,沃尔玛东柳大街店,生鲜肉,计量,,符合,邯郸县东柳大街178号,邯检(S)字(2015)第(L0234)号,
,阳光超市天鸿店,生鲜肉,计量,,符合,丛台区联纺东路505号天鸿广场负一层,邯检(S)字(2015)第(L0235)号,
,阳光超市天鸿店,生鲜肉,计量,,符合,丛台区联纺东路505号天鸿广场负一层,邯检(S)字(2015)第(L0236)号,
,邯郸县地铁市场静静冷鲜肉门市,生鲜肉,计量,,不符合,地铁市场,邯检(S)字(2015)第(L0237)号,
,邯郸县地铁市场振家生肉门市,生鲜肉,计量,,符合,邯郸县地铁市场,邯检(S)字(2015)第(L0238)号,
,邯郸县地铁市场佳乐冷鲜肉门市,生鲜肉,计量销售,,符合,邯郸县地铁市场,邯检(S)字(2015)第(L0239)号,
, 邯郸县地铁市场雷英生肉门市,生鲜肉,计量,,不符合,邯郸县地铁市场,邯检(S)字(2015)第(L0240)号,
,邯郸县地铁市场恩广分割鸡门市,生鲜肉,计量,,符合,地铁市场,邯检(S)字(2015)第(L0241)号,
,沃尔玛购物广场邯郸东柳大街分店,烤兔,计量称重,,合格,丛台路与东柳大街轿车口中道广场负1层,邯检(S)字(2015)第(L0242)号,
,阳光超市鑫域店,酱牛肉,计量称重,,合格,联纺路与世纪大街交叉口,邯检(S)字(2015)第(L0243)号,
,阳光超市鑫域店,猪蹄,计量称重,,合格,联纺路与世纪大街交叉口,邯检(S)字(2015)第(L0244)号,
,阳光超市鑫域店,烧鸡,计量称重,,合格,联纺路与世纪大街交叉口,邯检(S)字(2015)第(L0245)号,
,阳光超市鑫域店,鸡肉,计量称重,,合格,联纺路与世纪大街交叉口,邯检(S)字(2015)第(L0246)号,
,阳光超市鑫域店,酱肘子,计量称重,,合格,联纺路与世纪大街交叉口,邯检(S)字(2015)第(L0247)号,
,阳光超市鑫域店,肘子,计量称重,,合格,联纺路与世纪大街交叉口,邯检(S)字(2015)第(L0248)号,
,阳光超市鑫域店,酱牛腱,计量称重,,合格,联纺路与世纪大街交叉口,邯检(S)字(2015)第(L0249)号,
,阳光超市鑫域店,猪耳朵,计量称重,,合格,联纺路与世纪大街交叉口,邯检(S)字(2015)第(L0250)号,
,美食林集团（新园店）,鸡腿,计量称重,,不合格,东环路与友谊路路口,邯检(S)字(2015)第(L0251)号,
,美食林集团（新园店）,驴肉香肠,计量称重,,合格,东环路与友谊路路口,邯检(S)字(2015)第(L0252)号,
,美食林集团（新园店）,四川腊肉,计量称重,,合格,东环路与友谊路路口,邯检(S)字(2015)第(L0253)号,
,美食林集团（新园店）,猪耳朵,计量称重,,合格,东环路与友谊路路口,邯检(S)字(2015)第(L0254)号,
,美食林集团（新园店）,猪蹄,计量称重,,合格,东环路与友谊路路口,邯检(S)字(2015)第(L0255)号,
,美食林集团（新园店）,五百居香肠,计量称重,,合格,东环路与友谊路路口,邯检(S)字(2015)第(L0256)号,
,滏漳路阳光超市,五香驴肉,200克/袋,,合格,,邯检(S)字(2015)第(L0257)号,
,香家乐超市,香鸡腿,90克/袋,,不合格,邯郸县和平路,邯检(S)字(2015)第(L0258)号,
,香家乐超市,鸡爪,35g/袋,,合格,邯郸县和平路,邯检(S)字(2015)第(L0259)号,
,阳光超市三龙店,双鸽肉肚,400g/袋,,合格,陵园路与滏东大街交叉口,邯检(S)字(2015)第(L0260)号,
,阳光超市三龙店,酱香肘,计量销售,,合格,陵园路与滏东大街交叉口,邯检(S)字(2015)第(L0261)号,
,阳光超市三龙店,湖南精品腊肉,计量销售,合格品,合格,陵园路与滏东大街交叉口,邯检(S)字(2015)第(L0262)号,
,阳光超市三龙店,熏肘（熏煮香肠）,计量销售,普通,合格,陵园路与滏东大街交叉口,邯检(S)字(2015)第(L0263)号,
,阳光超市三龙店,双鸽猪耳,计量销售,,合格,陵园路与滏东大街交叉口,邯检(S)字(2015)第(L0264)号,
,阳光超市三龙店,湖南乡村农家腊肉,300g/袋,一级,合格,陵园路与滏东大街交叉口,邯检(S)字(2015)第(L0265)号,
,阳光超市三龙店,老北京酱头肉,计量销售,,合格,陵园路与滏东大街交叉口,邯检(S)字(2015)第(L0266)号,
,邯郸市邯山区刘辉烤鸭店,茶油鸭,计量销售,,合格,和平路与东柳大街路口,邯检(S)字(2015)第(L0267)号,
,邯郸市邯山区刘辉烤鸭店,烤鸭,计量销售,,合格,和平路与东柳大街路口,邯检(S)字(2015)第(L0268)号,
,邯郸县地铁市场杨陶熟食,腊肉,计量销售,,不合格,邯郸县地铁市场杨陶熟食,邯检(S)字(2015)第(L0269)号,
,邯郸县地铁市场老郭烧鸡店,猪脸,计量销售,,合格,邯郸县地铁市场,邯检(S)字(2015)第(L0270)号,
,邯郸县地铁市场老郭烧鸡店,肘子,计量销售,,合格,邯郸县地铁市场,邯检(S)字(2015)第(L0271)号,
1,邯郸市丛台区刁家五香鸡（王久然）,烧鸡,计量称重,,合格,阳光超市光明店门旁,邯检(S)字(2015)第(L0272)号,
2,邯郸市丛台区刁家五香鸡（王久然）,酱肘,计量称重,,合格,阳光超市光明店门旁,邯检(S)字(2015)第(L0273)号,
3,石学兵,炸鸡,计量/只,,合格,阳光超市光明店门旁,邯检(S)字(2015)第(L0274)号,
4,阳光超市光明店,冠宇熟食（五香烧鸡）,600g/只,,合格,光明大街与和平路西北角,邯检(S)字(2015)第(L0275)号,
5,阳光超市光明店,散猪头肉,计量销售,,合格,光明大街与和平路西北角,邯检(S)字(2015)第(L0276)号,
6,阳光超市光明店,肘子,计量销售,,合格,光明大街与和平路西北角,邯检(S)字(2015)第(L0277)号,
7,阳光超市光明店,猪肝,计量销售,,合格,光明大街与和平路西北角,邯检(S)字(2015)第(L0278)号,
8,阳光超市光明店,猪耳朵,计量销售,,合格,光明大街与和平路西北角,邯检(S)字(2015)第(L0279)号,
9,阳光超市光明店,牛键,计量销售,,合格,光明大街与和平路西北角,邯检(S)字(2015)第(L0280)号,
10,阳光超市光明店,阳光自制熟食（猪蹄）,计量销售,,合格,光明大街与和平路西北角,邯检(S)字(2015)第(L0281)号,
11,小丁香酱肉,牛腱,,,合格,复兴区复兴商贸城,邯检(S)字(2015)第(L0287)号,
12,韩国风味炸鸡,鸡柳,,,合格,复兴区复兴商贸城,邯检(S)字(2015)第(L0288)号,
13,老二卤肉,猪肝,,,合格,复兴区复兴商贸城,邯检(S)字(2015)第(L0289)号,
14,北京酱肉 烧鸡,猪肘,,,合格,复兴区复兴商贸城,邯检(S)字(2015)第(L0290)号,
15,老四肉食店,牛肉,,,合格,复兴区复兴商贸城,邯检(S)字(2015)第(L0291)号,
16,臻味酱肉精品菜,驴肠,,,合格,复兴区复兴商贸城,邯检(S)字(2015)第(L0292)号,
17,宫廷瓦罐鸡,猪头肉,,,不合格,复兴区复兴商贸城,邯检(S)字(2015)第(L0293)号,
18,二刚熟肉,猪肘,,,合格,复兴区复兴商贸城,邯检(S)字(2015)第(L0294)号,
19,阳光超市复兴商贸城店,猪头肉,,,合格,复兴区复兴商贸城,邯检(S)字(2015)第(L0295)号,
20,阳光超市复兴商贸城店,猪肝,,,合格,复兴区复兴商贸城,邯检(S)字(2015)第(L0296)号,
21,阳光超市复兴商贸城店（冠宇熟食）,肉肠,,,合格,复兴区复兴商贸城,邯检(S)字(2015)第(L0297)号,
22,美食林滏东店,花生芝麻调和油,5升/桶,,合格,和平路与滏东路交叉口,邯检(S)字(2015)第(L0298)号,
23,清真酱牛肉,牛肉,,,合格,,邯检(S)字(2015)第(L0299)号,
24,老崔烧鸡,肉肚,,,不合格,望岭路与陵西大街交口东行10米路南（天天鲜超市北门口）,邯检(S)字(2015)第(L0300)号,
25,成都卤肉,猪头肉,,,合格,望岭路与陵西大街交口东20米路南（春晖烟酒茶行）,邯检(S)字(2015)第(L0301)号,
26,老城酥鱼,猪肘,,,合格,望岭路与陵西大街交口东行20米路北,邯检(S)字(2015)第(L0302)号,
27,美食林滏东店,大豆食用调和油,1.6升/桶,,合格,和平路与滏东路交叉口,邯检(S)字(2015)第(L0303)号,
28,美食林滏东店,玉米胚芽油,900ml/桶,,合格,和平路与滏东路交叉口,邯检(S)字(2015)第(L0304)号,
29,美食林滏东店,话梅糖,计量称重,,合格,和平路与滏东路交叉口,邯检(S)字(2015)第(L0305)号,
30,美食林滏东店,菠萝味硬糖,计量称重,,合格,和平路与滏东路交叉口,邯检(S)字(2015)第(L0306)号,
31,美食林滏东店,优果奶酥,计量称重,,合格,和平路与滏东路交叉口,邯检(S)字(2015)第(L0307)号,
32,美食林滏东店,黑糖话梅,计量销售,,合格,和平路与滏东路交叉口,邯检(S)字(2015)第(L0308)号,
33,美食林滏东店,桔子味硬糖,计量销售,,合格,和平路与滏东路交叉口,邯检(S)字(2015)第(L0309)号,
34,美食林滏东店,绵竹大曲,475ml/瓶 46%vol,优级,合格,和平路与滏东路交叉口,邯检(S)字(2015)第(L0310)号,
35,美食林滏东店,山庄老酒,500ml/瓶 42%vol,优级,合格,和平路与滏东路交叉口,邯检(S)字(2015)第(L0311)号,
36,美食林滏东店,西凤银醇酒,500ml/瓶 45%vol,一级,合格,和平路与滏东路交叉口,邯检(S)字(2015)第(L0312)号,
37,美食林滏东店,枝江特曲,480ml/瓶 45%vol,,合格,和平路与滏东路交叉口,邯检(S)字(2015)第(L0313)号,
38,美食林滏东店,古井大曲,500ml瓶 45%vol,,合格,和平路与滏东路交叉口,邯检(S)字(2015)第(L0314)号,
39,美食林滏东店,中粮白酒,500ml/瓶 42%vol,一级,合格,和平路与滏东路交叉口,邯检(S)字(2015)第(L0315)号,
40,阳光超市前进店,小榨香菜籽油,4.5升/桶,合格,合格,阳光超市前进大街,邯检(S)字(2015)第(L0316)号,
41,阳光超市前进店,福临门调和油,5升/桶,合格,合格,阳光超市前进大街,邯检(S)字(2015)第(L0317)号,
42,阳光超市前进店,非转基因压榨玉米油,5升/桶,一级,合格,阳光超市前进大街,邯检(S)字(2015)第(L0318)号,
43,阳光超市前进店,名福一级大豆油,5升/桶,一级,合格,阳光超市前进大街,邯检(S)字(2015)第(L0319)号,
44,阳光超市前进店,金龙鱼精炼一级大豆油,2.5升/桶,一级,合格,阳光超市前进大街,邯检(S)字(2015)第(L0320)号,
45,阳光超市前进店,刘伶醉,500ml/瓶,优级,合格,阳光超市前进大街,邯检(S)字(2015)第(L0321)号,
46,阳光超市前进店,山莊老酒,500ml/瓶 42%vol,优级,合格,阳光超市前进大街,邯检(S)字(2015)第(L0322)号,
47,阳光超市前进店,丛台酒（浓香型）白酒,500ml/瓶 53%vol,一级,合格,阳光超市前进大街,邯检(S)字(2015)第(L0323)号,
48,阳光超市前进店,牛栏山（清香型白酒）,500ml/瓶 52%vol,一级,合格,阳光超市前进大街,邯检(S)字(2015)第(L0324)号,
49,阳光超市前进店,老白干香型白酒（白小乐）,300ml/瓶 38.6%vol,优级,合格,阳光超市前进大街,邯检(S)字(2015)第(L0325)号,
50,阳光超市前进店,食用调和油,5升/桶,,合格,阳光超市前进大街,邯检(S)字(2015)第(L0326)号,
51,龙旺副食城四季糖果,花生牛轧糖,计量称重,,合格,邯山街与贸易街交叉口龙旺副食城,邯检(S)字(2015)第(L0327)号,
52,四季糖果,好一家巧克力夹心奶糖,计量称重,,合格,邯山街与贸易街交叉口龙旺副食城,邯检(S)字(2015)第(L0328)号,
53,四季糖果,小天使话梅糖,计量称重,,合格,邯山街与贸易街交叉口龙旺副食城,邯检(S)字(2015)第(L0329)号,
54,天意瓜子干果批发,美国杏仁奶油糖,计量称重,,合格,邯山街与贸易街交叉口龙旺副食城,邯检(S)字(2015)第(L0330)号,
55,德为先糖果干果批发,橡皮糖,计量称重,,合格,邯山街与贸易街交叉口龙旺副食城,邯检(S)字(2015)第(L0331)号,
56,德为先糖果干果批发,特制椰子糖,计量称重,,合格,邯山街与贸易街交叉口龙旺副食城,邯检(S)字(2015)第(L0332)号,
57,德为先糖果干果批发,花生糖,计量称重,,合格,邯山街与贸易街交叉口龙旺副食城,邯检(S)字(2015)第(L0333)号,
58,天意瓜子干果批发,冰爽鲜果香果味硬糖,计量称重,,不合格,邯山街与贸易街交叉口龙旺副食城,邯检(S)字(2015)第(L0334)号,
59,天意瓜子干果批发,北京酥,计量称重,,合格,邯山街与贸易街交叉口龙旺副食城,邯检(S)字(2015)第(L0335)号,
60,天意瓜子干果批发,维生素C果味夹心硬糖,计量销售,,合格,邯山街与贸易街交叉口龙旺副食城,邯检(S)字(2015)第(L0336)号,
61,滏园粮站,绿兴一级大豆油,5L/桶,一级,合格,滏漳路农贸市场,邯检(S)字(2015)第(L0337)号,
62,万宝全杂粮店,满疆红精炼棉籽油,5L/桶,三级,合格,滏漳路农贸市场,邯检(S)字(2015)第(L0338)号,
63,滏新名烟名酒,山庄老酒,500ml/瓶  42%vol,优级,合格,滏漳路与滏东路交口西南角,邯检(S)字(2015)第(L0339)号,
64,滏新名烟名酒,丛台酒,450ml/瓶  46%vol,一级,合格,滏漳路与滏东路交口西南角,邯检(S)字(2015)第(L0340)号,
65,邯郸县三和名酒行,板城烧锅酒,500ml/瓶  41%vol,优级,合格,滏漳路与滏东路交口西南,邯检(S)字(2015)第(L0341)号,
66,,九龙醉酒,500ml/瓶  41%vol,优级,合格,滏漳路与滏东路交口西南,邯检(S)字(2015)第(L0342)号,
67,美食林集团（千鹤店）,金龙鱼食用调和油,2.5L/桶,,合格,建设大街与联防路路口,邯检(S)字(2015)第(L0343)号,
68,美食林集团（千鹤店）,5S压榨一级花生油,1L/桶,一级,合格,建设大街与联防路路口,邯检(S)字(2015)第(L0344)号,
69,美食林集团（千鹤店）,花生芝麻调和油,5L/桶,调和油,合格,建设大街与联防路路口,邯检(S)字(2015)第(L0345)号,
70,美食林集团（千鹤店）,五湖一级大豆油,5L/桶,一级,合格,建设大街与联防路交叉口西北角,邯检(S)字(2015)第(L0346)号,
71,美食林集团（千鹤店）,金泸州（白酒）,52%vol  475ml,,合格,建设大街与联防路交叉口西北角,邯检(S)字(2015)第(L0347)号,
72,美食林集团（千鹤店）,宋坊衡水老白干（白酒）,41%vol  500ml/瓶,,合格,建设大街与联防路交叉口西北角,邯检(S)字(2015)第(L0348)号,
73,美食林集团（千鹤店）,西凤品味酒,52%vol  500ml,一级,合格,建设大街与联防路交叉口西北角,邯检(S)字(2015)第(L0349)号,
74,美食林集团（千鹤店）,椰子糖,零售称重,,合格,建设大街与联防路路口,邯检(S)字(2015)第(L0350)号,
75,美食林集团（千鹤店）,双喜水果糖,,,合格,建设大街与联防路路口,邯检(S)字(2015)第(L0351)号,
76,美食林集团（千鹤店）,特制椰子糖,零售称重,,合格,建设大街与联防路路口,邯检(S)字(2015)第(L0352)号,
77,美食林集团（千鹤店）,榴莲糖,散装称重,,合格,建设大街与联防路路口,邯检(S)字(2015)第(L0353)号,
78,美食林集团（千鹤店）,花生牛轧充气糖果,散装称重,,合格,建设大街与联防路路口,邯检(S)字(2015)第(L0354)号,
79,美食林集团（千鹤店）,春光开心榴莲球,散装称重,,合格,建设大街与联防路路口,邯检(S)字(2015)第(L0355)号,
80,美食林集团（千鹤店）,马大姐芒果味硬糖,散装称重,,合格,建设大街与联防路路口,邯检(S)字(2015)第(L0356)号,
81,新赵都超市光明店,花生芝麻香食用调和油,5L/桶,,合格,光明路光明桥,邯检(S)字(2015)第(L0357)号,
82,新赵都超市光明店,大豆油,5L/桶,一级,合格,光明路光明桥,邯检(S)字(2015)第(L0358)号,
83,新赵都超市光明店,玉米胚芽油,1升/桶,,合格,光明路光明桥,邯检(S)字(2015)第(L0359)号,
84,新赵都超市光明店,棉籽油,5L/桶,二级,合格,光明路光明桥,邯检(S)字(2015)第(L0360)号,
85,新赵都超市光明店,压榨玉米油,1.6升/桶,一级,合格,光明路光明桥,邯检(S)字(2015)第(L0361)号,
86,新赵都超市光明店,一级大豆油,1.8升/桶,一级,合格,光明路光明桥,邯检(S)字(2015)第(L0362)号,
87,新赵都超市光明店,平原神枪手 二锅头,400ml/瓶,一级,合格,光明路光明桥,邯检(S)字(2015)第(L0363)号,
88,新赵都超市光明店,沱牌酒,480ml/瓶 45%vol,,合格,光明路光明桥,邯检(S)字(2015)第(L0364)号,
89,新赵都超市光明店,东北高粱酒,1.8L/壶,,合格,光明路光明桥,邯检(S)字(2015)第(L0365)号,
90,阳光超市鑫域店,花生芝麻调和油,5L/桶,,合格,联防路与世纪大街东南角,邯检(S)字(2015)第(L0366)号,
91,阳光超市鑫域店,花生浓香型调和油,5升/桶,,合格,联防路与世纪大街东南角,邯检(S)字(2015)第(L0367)号,
92,阳光超市鑫域店,元宝牌大豆油,5升/桶,一级,合格,联防路与世纪大街东南角,邯检(S)字(2015)第(L0368)号,
93,阳光超市鑫域店,食用调和油,900毫升/桶,,合格,联防路与世纪大街东南角,邯检(S)字(2015)第(L0369)号,
94,阳光超市鑫域店,牛栏山二锅头白酒,500ml/瓶 56%vol,一级,合格,联防路与世纪大街东南角,邯检(S)字(2015)第(L0370)号,
95,阳光超市鑫域店,中粮白（白酒）,500ml/瓶 42%vol,一级,合格,联防路与世纪大街东南角,邯检(S)字(2015)第(L0371)号,
96,阳光超市鑫域店,全兴精酿窖酒（白酒）,500ml/瓶 50%vol,一级,不合格,联防路与世纪大街东南角,邯检(S)字(2015)第(L0372)号,
97,阳光超市鑫域店,枝江精品白酒,500ml/瓶 42%vol,优级,合格,联防路与世纪大街东南角,邯检(S)字(2015)第(L0373)号,
98,阳光超市鑫域店,薄荷味硬糖,,,合格,联防路与世纪大街东南角,邯检(S)字(2015)第(L0374)号,
99,阳光超市鑫域店,大白兔奶糖,,,合格,联防路与世纪大街东南角,邯检(S)字(2015)第(L0375)号,
100,阳光超市鑫域店,雅客卡布奇诺咖啡糖,,,合格,联防路与世纪大街东南角,邯检(S)字(2015)第(L0376)号,
101,邯郸市邯山区会英千喜鹊冷鲜肉,生鲜肉（猪肉）,,,符合,农林路农贸市场,邯检(S)字(2015)第(L0377)号,
102,邯郸市邯山区顺华冷鲜肉,冷鲜肉（猪肉）,,,符合,农林路农贸市场,邯检(S)字(2015)第(L0378)号,
103,邯郸市邯山区大红门冷鲜肉门市,冷鲜肉（猪肉）,,,符合,农林路农贸市场,邯检(S)字(2015)第(L0379)号,
104,邯郸市邯山区众品冷鲜肉店,冷鲜肉（猪肉）,计量销售,,符合,农林路农贸市场,邯检(S)字(2015)第(L0380)号,
105,邯郸市邯山区志杰冷鲜肉店,冷鲜肉（猪肉）,计量销售,,符合,农林路农贸市场,邯检(S)字(2015)第(L0381)号,
106,邯郸市邯山区雨润冷鲜肉店,冷鲜肉（猪肉）,计量销售,,符合,农林路农贸市场东排1号,邯检(S)字(2015)第(L0382)号,
107,邯郸市邯山区广臣双汇冷鲜肉,冷鲜肉（猪肉）,计量销售,,符合,农林路农贸市场,邯检(S)字(2015)第(L0383)号,
108,邯郸市鑫建肉类食品有限公司,生鲜肉（猪肉）,,,符合,黄粱梦胡村村南,邯检(S)字(2015)第(L0384)号,
109,南岩村生猪定点屠宰厂,生鲜肉（猪肉）,,,符合,南沿村南街村内,邯检(S)字(2015)第(L0385)号,
110,武安市佳润冷鲜肉厂,生鲜肉（猪肉）,,,符合,该厂内,邯检(S)字(2015)第(L0386)号,
111,邯郸市好日子食品有限公司,生鲜肉（猪肉）,,,符合,该厂内,邯检(S)字(2015)第(L0387)号,
112,邯山区北张庄魏保文定点屠宰,生鲜肉（猪肉）,,,符合,该厂内,邯检(S)字(2015)第(L0388)号,
113,磁县讲武城镇生猪屠宰点,生鲜肉（猪肉）,,,符合,该厂内,邯检(S)字(2015)第(L0389)号,
114,张庆顺,冷鲜肉（猪肉）,,,符合,滏漳路农贸市场,邯检(S)字(2015)第(L0390)号,
115,邯郸市邯山区滏园金都冷鲜肉,冷鲜肉（猪肉）,,,符合,滏漳路农贸市场,邯检(S)字(2015)第(L0391)号,
116,王计如,冷鲜肉（猪肉）,,,符合,滏漳路农贸市场,邯检(S)字(2015)第(L0392)号,
117,邯郸市邯山区东郭千喜鹤冷鲜肉店,冷鲜肉（猪肉）,,,符合,滏漳路农贸市场,邯检(S)字(2015)第(L0393)号,
118,赵强,冷鲜肉（猪肉）,,,符合,滏漳路农贸市场,邯检(S)字(2015)第(L0394)号,
119,赵龙,冷鲜肉（猪肉）,,,符合,滏漳路农贸市场,邯检(S)字(2015)第(L0395)号,
120,杨宁华,冷鲜肉（猪肉）,,,符合,滏漳路农贸市场,邯检(S)字(2015)第(L0396)号,
121,李如英,冷鲜肉（猪肉）,计量销售,,符合,滏漳路农贸市场,邯检(S)字(2015)第(L0397)号,
122,阳光超市鑫域店,冷鲜肉（猪肉）,,,符合,,邯检(S)字(2015)第(L0398)号,
123,美食林集团滏东店,冷鲜肉（猪肉）,,,符合,滏东大街,邯检(S)字(2015)第(L0399)号,
124,美食林集团滏东店亨润专卖,冷鲜肉（猪肉）,,,符合,该超市,邯检(S)字(2015)第(L0400)号,
125,美食林集团滏东店双汇专卖,冷鲜肉（猪肉）,,,符合,该超市,邯检(S)字(2015)第(L0401)号,
126,美食林集团滏东店千喜鹤专卖,冷鲜肉（猪肉）,,,符合,该超市,邯检(S)字(2015)第(L0402)号,
127,美食林集团新宇店自营,冷鲜肉（猪肉）,,,合格,该超市,邯检(S)字(2015)第(L0403)号,
128,美食林集团新宇店千喜鹤专卖,冷鲜肉（猪肉）,,,符合,该超市,邯检(S)字(2015)第(L0404)号,
129,美食林集团新宇店双汇专卖,冷鲜肉（猪肉）,,,符合,该超市,邯检(S)字(2015)第(L0405)号,
130,美食林集团(新宇)店雨润专卖,冷鲜肉（猪肉）,,,符合,该店,邯检(S)字(2015)第(L0406)号,
131,老崔烧鸡,猪耳朵,计量称重,,合格,望岭路和陵西路东南角,邯检(S)字(2015)第(L0407)号,
132,老崔烧鸡,猪肘子,计量称重,,合格,望岭路和陵西路东南角,邯检(S)字(2015)第(L0408)号,
133,清真回民酱牛肉店,酱牛肉（清真）,计量称重,,合格,望岭路和陵西路东南角,邯检(S)字(2015)第(L0409)号,